LatestNews_timestamp,title,link
14 Min Ago,Spirit Airlines prepares to file for Chapter 11 bankruptcy protection again,https://www.cnbc.com/2025/08/29/spirit-airlines-chapter-11-bankruptcy.html
48 Min Ago,Meta changes teen AI chatbot responses as Senate begins probe,https://www.cnbc.com/2025/08/29/meta-ai-chatbot-teen-senate-probe.html
1 Hour Ago,Inaugural Essence HBCU Classic football game to kick off Saturday in Boston,https://www.cnbc.com/2025/08/29/inaugural-essence-hbcu-classic-football-game.html
2 Hours Ago,The stock market had a tough week but a great month. Here's what happened,https://www.cnbc.com/2025/08/29/the-stock-market-had-a-tough-week-but-a-great-month-heres-what-happened.html
2 Hours Ago,Next week's jobs report will kick off a tough month for Wall Street,https://www.cnbc.com/2025/08/29/stock-market-next-week-sept-2-5.html
2 Hours Ago,"Why investors should rebalance portfolios right now, according to Wells Fargo",https://www.cnbc.com/2025/08/29/why-investors-should-rebalance-their-portfolios-right-now-according-to-wells-fargo.html
3 Hours Ago,"'Forest Bathing', 'Noctourism': 10 travel trends taking off this year",https://www.cnbc.com/2025/08/29/travel-trends-2025.html
3 Hours Ago,Tesla asks for $243 million verdict to be tossed in fatal Autopilot crash suit,https://www.cnbc.com/2025/08/29/tesla-appeal-benavides-verdict-autopilot-crash.html
3 Hours Ago,"This rail stock is toying with a breakout. One should emerge soon, says Carter Worth",https://www.cnbc.com/2025/08/29/this-rail-stock-is-toying-with-a-breakout-one-should-emerge-soon-says-carter-worth.html
4 Hours Ago,"Stocks making biggest moves midday: Petco Health, Celsius, Affirm and more",https://www.cnbc.com/2025/08/29/stocks-making-the-biggest-moves-midday-woof-celh-afrm-cat.html
4 Hours Ago,"Dupont's savvy sale brightens its future, and Home Depot secures key deal sign-off",https://www.cnbc.com/2025/08/29/duponts-savvy-sale-brightens-its-future-and-home-depot-secures-a-pivotal-stamp-of-approval.html
4 Hours Ago,Bluesky CEO: How I turned my Twitter research project into a rival company,https://www.cnbc.com/2025/08/29/bluesky-ceo-how-i-turned-twitter-research-project-into-rival-company.html
4 Hours Ago,Strong summer end often leads to stock market turbulence in early fall,https://www.cnbc.com/2025/08/29/strong-summer-end-often-leads-to-stock-market-turbulence-in-early-fall.html
5 Hours Ago,7 portfolio stocks that stand to benefit most from Fed rate cuts,https://www.cnbc.com/2025/08/29/7-portfolio-stocks-that-stand-to-benefit-most-from-fed-rate-cuts.html
5 Hours Ago,More Americans are tapping their 401(k)s for cash—it should be a 'last resort',https://www.cnbc.com/2025/08/29/more-americans-are-tapping-their-401ks-for-cash-it-should-be-a-last-resort-says-cfp.html
5 Hours Ago,Americans expected to bet record $30 billion on the 2025 NFL season legally,https://www.cnbc.com/2025/08/29/american-sports-betting-2025-nfl-season-football.html
5 Hours Ago,Trump administration cancels $679 million for offshore wind projects,https://www.cnbc.com/2025/08/29/trump-administration-cancels-679-million-for-offshore-wind-projects.html
5 Hours Ago,FBI director Patel's girlfriend sues ex-agent for defamation over spy claim,https://www.cnbc.com/2025/08/29/kash-patel-girlfriend-fbi-defamation-lawsuit.html
6 Hours Ago,"This is the No. 1 thing women should do to live a long, healthy life",https://www.cnbc.com/2025/08/29/this-is-the-no-1-thing-women-should-do-to-live-a-long-healthy-life.html
6 Hours Ago,Alibaba is developing a new AI chip — here's what we know so far,https://www.cnbc.com/2025/08/29/alibaba-is-developing-a-new-ai-chip-heres-what-we-know-so-far.html
6 Hours Ago,An options bet that wins if small caps rally into a possible Fed rate cut,https://www.cnbc.com/2025/08/29/an-options-bet-that-wins-if-small-caps-rally-into-a-possible-fed-rate-cut.html
6 Hours Ago,Ambarella stock rips 16% higher after earnings as AI demand boosts guidance,https://www.cnbc.com/2025/08/29/ambarella-stock-rises-on-ai-demand.html
6 Hours Ago,"Marvell stock slumps 18% after data center revenue, forecast disappoint",https://www.cnbc.com/2025/08/29/marvell-stock-earnings-guidance.html
6 Hours Ago,"Bank of America raises gold forecast, noting Trump threat to Fed independence",https://www.cnbc.com/2025/08/29/bank-of-america-gold-price-trump-federal-reserve-independence.html
7 Hours Ago,The 5 most popular ways Americans build wealth—and how to get started yourself,https://www.cnbc.com/2025/08/29/how-to-build-wealth.html
7 Hours Ago,"Stop talking about your feelings, says psychologist—what emotionally intelligent people say to understand people better",https://www.cnbc.com/2025/08/29/stop-talking-about-your-feelings-says-psychologistwhat-successful-people-do.html
7 Hours Ago,Condo prices are falling—but a bargain isn’t guaranteed: ‘It’s all in the math’,https://www.cnbc.com/2025/08/29/condo-prices-are-falling-but-a-bargain-isnt-guaranteed.html
7 Hours Ago,Affirm stock rises 10% as CEO Levchin notes continued consumer strength,https://www.cnbc.com/2025/08/29/affirm-stock-earnings.html
7 Hours Ago,What Wall Street is saying about the latest U.S. inflation data,https://www.cnbc.com/2025/08/29/what-wall-street-is-saying-about-the-latest-us-inflation-data.html
7 Hours Ago,I became a millionaire at age 27—these common money tips ‘need to die because they are keeping us broke’,https://www.cnbc.com/2025/08/29/i-became-a-millionaire-at-age-27-these-common-money-tips-are-keeping-us-broke.html
